description,code,num_of_jobs(k),median_pay,median_annual_change,mean_pay,mean_annual_change,num_of_jobs_m(k),median_m,median_annual_change_m,mean_m,mean_annual_change_m,num_of_jobs_f(k),median_f,median_annual_change_f,mean_f,mean_annual_change_f
UnitedKingdom,K02000001,22549 ,25780 ,3.4 ,31590 ,3.0 ,11112 ,31445 ,3.4 ,38584 ,2.6 ,11438 ,20515 ,4.8 ,24796 ,4.4 
GreatBritain,K03000001,21604 ,25924 ,3.7 ,31770 ,3.0 ,10650 ,31636 ,3.5 ,38828 ,2.6 ,10954 ,20596 ,4.9 ,24907 ,4.5 
EnglandandWales,K04000001,19660 ,25934 ,3.7 ,31947 ,3.0 ,9775 ,31613 ,3.3 ,39062 ,2.6 ,9884 ,20449 ,4.5 ,24911 ,4.2 
England,E92000001,18609 ,26055 ,3.6 ,32237 ,3.0 ,9283 ,31813 ,3.4 ,39441 ,2.6 ,9327 ,20512 ,4.6 ,25068 ,4.2 
NorthEast,E12000001,802 ,23559 ,4.2 ,27153 ,2.7 ,389 ,28196 ,2.8 ,32325 ,2.6 ,413 ,18981 ,4.3 ,22283 ,3.7 
Darlington,E06000005,35 ,24634 ,4.7 ,28524 ,2.5 ,17 ,29482 ,4.3 ,32793 ,-3.6 ,18 ,19178 ,4.3 ,24630 ,10.8 
Hartlepool,E06000001,29 ,22651 ,-1.0 ,25430 ,0.1 ,12 ,28945 ,8.1 ,31923 ,1.4 ,17 ,19353 ,,20702 ,0.6 
Middlesbrough,E06000002,41 ,22171 ,5.2 ,25344 ,3.2 ,21 ,25437 ,1.0 ,31058 ,6.1 ,20 ,,,19335 ,-3.9 
RedcarandCleveland,E06000003,37 ,22015 ,5.0 ,26049 ,12.4 ,17 ,27891 ,10.1 ,31645 ,14.3 ,20 ,18887 ,-1.1 ,21453 ,8.7 
Stockton-on-Tees,E06000004,65 ,24241 ,4.3 ,27778 ,2.7 ,31 ,31526 ,5.0 ,34345 ,5.2 ,34 ,19209 ,3.0 ,21801 ,0.0 
CountyDurham,E06000047,160 ,23877 ,-0.5 ,27213 ,-1.5 ,79 ,29514 ,4.0 ,32377 ,-2.2 ,82 ,18881 ,0.3 ,22234 ,2.3 
Northumberland,E06000057,93 ,23427 ,6.3 ,28361 ,8.2 ,43 ,29519 ,7.7 ,35865 ,9.1 ,50 ,17364 ,3.8 ,21830 ,5.6 
TyneandWearMetCounty,E11000007,342 ,23387 ,4.3 ,27005 ,2.5 ,170 ,27527 ,2.6 ,31233 ,2.2 ,172 ,19346 ,6.4 ,22844 ,3.9 
Gateshead,E08000037,61 ,22461 ,0.9 ,25678 ,-0.5 ,33 ,26020 ,0.4 ,29840 ,1.4 ,29 ,18640 ,0.8 ,20907 ,-2.3 
NewcastleuponTyne,E08000021,71 ,23271 ,-1.0 ,29426 ,0.7 ,36 ,27246 ,1.6 ,32306 ,5.0 ,35 ,19251 ,6.3 ,26427 ,
NorthTyneside,E08000022,70 ,24792 ,5.2 ,28205 ,2.2 ,33 ,29615 ,0.2 ,33393 ,-1.5 ,37 ,20349 ,,23506 ,7.4 
SouthTyneside,E08000023,46 ,21909 ,5.5 ,27159 ,9.6 ,22 ,27721 ,2.6 ,32575 ,7.0 ,25 ,18757 ,5.8 ,22383 ,11.5 
Sunderland,E08000024,94 ,22723 ,4.9 ,25073 ,3.7 ,46 ,26711 ,7.2 ,29190 ,0.4 ,48 ,19520 ,10.3 ,21128 ,9.0 
NorthWest,E12000002,2364 ,24334 ,2.5 ,28644 ,2.5 ,1149 ,29461 ,1.7 ,34504 ,2.0 ,1215 ,20000 ,5.2 ,23102 ,4.2 
BlackburnwithDarwen,E06000008,44 ,21221 ,-0.2 ,23819 ,0.4 ,25 ,24412 ,-1.5 ,26860 ,-0.3 ,19 ,17674 ,0.8 ,19715 ,0.0 
Blackpool,E06000009,40 ,19808 ,1.7 ,22714 ,2.6 ,17 ,21138 ,,24967 ,-0.6 ,24 ,18400 ,12.1 ,21139 ,8.6 
Halton,E06000006,44 ,24067 ,6.0 ,29390 ,11.7 ,21 ,30088 ,8.1 ,35758 ,13.2 ,23 ,19959 ,3.7 ,23559 ,8.9 
Warrington,E06000007,79 ,24239 ,-3.7 ,28895 ,-5.8 ,39 ,31071 ,-7.7 ,35011 ,-10.1 ,40 ,18994 ,-6.4 ,22886 ,-0.4 
CheshireEast,E06000049,138 ,27053 ,5.3 ,35055 ,3.5 ,64 ,33007 ,3.3 ,44272 ,3.5 ,74 ,21418 ,11.1 ,27182 ,8.9 
CheshireWestandChester,E06000050,132 ,25780 ,1.3 ,30663 ,0.3 ,66 ,32177 ,-2.7 ,37966 ,1.0 ,66 ,21157 ,5.1 ,23391 ,-2.5 
Cumbria,E10000006,194 ,26410 ,10.0 ,29959 ,7.7 ,102 ,33158 ,8.6 ,35891 ,3.3 ,92 ,19354 ,8.5 ,23417 ,12.0 
Allerdale,E07000026,43 ,26292 ,9.4 ,31265 ,7.7 ,23 ,33589 ,0.4 ,37910 ,2.9 ,20 ,18895 ,7.5 ,23456 ,13.7 
Barrow-in-Furness,E07000027,22 ,29402 ,7.1 ,31392 ,9.5 ,12 ,38468 ,12.2 ,39532 ,12.1 ,9 ,20309 ,,20654 ,-2.5 
Carlisle,E07000028,42 ,25293 ,20.6 ,27828 ,13.6 ,21 ,29375 ,6.7 ,33154 ,10.4 ,22 ,,,22797 ,15.8 
Copeland,E07000029,28 ,,,34826 ,14.2 ,13 ,45245 ,36.8 ,42845 ,15.3 ,,,,,
Eden,E07000030,21 ,24317 ,16.2 ,25280 ,9.5 ,11 ,31773 ,8.6 ,31017 ,6.0 ,10 ,17091 ,18.9 ,19027 ,10.9 
SouthLakeland,E07000031,38 ,25674 ,5.0 ,28982 ,-5.0 ,22 ,29454 ,,32668 ,-14.7 ,16 ,20234 ,7.9 ,23869 ,10.9 
GreaterManchesterMetCounty,E11000001,866 ,24029 ,1.9 ,28273 ,3.4 ,413 ,28533 ,2.3 ,34177 ,4.8 ,452 ,20177 ,3.1 ,22878 ,3.6 
Bolton,E08000001,71 ,22924 ,2.9 ,26246 ,0.0 ,41 ,27164 ,7.4 ,30201 ,-2.7 ,30 ,19289 ,2.5 ,20847 ,-2.7 
Bury,E08000002,61 ,26744 ,2.0 ,28654 ,1.4 ,28 ,31549 ,3.1 ,32716 ,-2.0 ,33 ,23021 ,7.6 ,25226 ,5.2 
Manchester,E08000003,140 ,23017 ,2.7 ,26892 ,4.5 ,65 ,28012 ,8.6 ,33149 ,10.6 ,75 ,19475 ,1.9 ,21447 ,0.2 
Oldham,E08000004,71 ,22498 ,5.4 ,25754 ,7.6 ,33 ,25124 ,0.7 ,31436 ,14.2 ,39 ,19108 ,7.1 ,20978 ,2.6 
Rochdale,E08000005,67 ,22089 ,1.0 ,25331 ,-1.2 ,30 ,25934 ,0.8 ,29805 ,-2.5 ,37 ,18206 ,4.4 ,21782 ,5.2 
Salford,E08000006,87 ,23750 ,5.4 ,29392 ,13.8 ,42 ,29372 ,8.6 ,36587 ,20.9 ,44 ,19233 ,-1.5 ,22508 ,3.8 
Stockport,E08000007,107 ,26078 ,0.3 ,31891 ,0.5 ,52 ,33231 ,-0.6 ,38148 ,-0.1 ,55 ,22332 ,0.8 ,26046 ,2.4 
Tameside,E08000008,70 ,22104 ,-2.7 ,24609 ,0.4 ,36 ,25929 ,-4.8 ,28755 ,0.1 ,34 ,18844 ,-0.2 ,20164 ,0.8 
Trafford,E08000009,80 ,26890 ,-6.5 ,34800 ,-3.2 ,37 ,33120 ,-6.2 ,44231 ,-1.0 ,44 ,24028 ,-0.4 ,26966 ,4.2 
Wigan,E08000010,112 ,24673 ,7.5 ,27715 ,6.5 ,51 ,31614 ,11.4 ,34409 ,7.5 ,61 ,19700 ,11.6 ,22191 ,9.5 
Lancashire,E10000017,394 ,23840 ,1.9 ,27736 ,-0.9 ,197 ,28998 ,1.7 ,33242 ,-0.9 ,197 ,19174 ,2.4 ,22233 ,0.4 
Burnley,E07000117,25 ,22647 ,2.1 ,27492 ,3.3 ,13 ,25875 ,-8.0 ,31712 ,0.1 ,12 ,17478 ,7.5 ,22952 ,10.3 
Chorley,E07000118,41 ,24991 ,-0.1 ,27582 ,-1.6 ,19 ,29142 ,-3.5 ,32449 ,-2.1 ,22 ,20834 ,1.1 ,23445 ,0.9 
Fylde,E07000119,25 ,28980 ,5.0 ,33606 ,-0.9 ,13 ,33464 ,6.8 ,42331 ,-1.0 ,12 ,19033 ,-14.8 ,24237 ,-6.8 
Hyndburn,E07000120,25 ,22459 ,-1.2 ,25539 ,-3.3 ,,,,31394 ,-0.3 ,12 ,16770 ,-7.8 ,18525 ,-10.4 
Lancaster,E07000121,48 ,24130 ,5.3 ,27203 ,-1.6 ,25 ,28315 ,3.3 ,34083 ,0.6 ,23 ,15988 ,1.8 ,19799 ,5.3 
Pendle,E07000122,27 ,,,24477 ,-11.5 ,,,,,,12 ,,,17063 ,-22.1 
Preston,E07000123,48 ,23509 ,8.3 ,26724 ,9.0 ,24 ,26096 ,2.8 ,31377 ,5.1 ,24 ,20118 ,15.4 ,21905 ,20.5 
RibbleValley,E07000124,24 ,28909 ,,32383 ,4.9 ,12 ,34772 ,,38254 ,,12 ,22610 ,18.1 ,26181 ,6.4 
Rossendale,E07000125,24 ,21428 ,2.8 ,25469 ,-8.8 ,11 ,,,29382 ,-3.0 ,13 ,19750 ,-1.2 ,22215 ,-13.4 
SouthRibble,E07000126,42 ,24459 ,6.6 ,27280 ,-3.6 ,21 ,28618 ,0.3 ,31368 ,-6.4 ,21 ,21232 ,5.5 ,23098 ,-0.7 
WestLancashire,E07000127,32 ,24311 ,0.7 ,29550 ,3.2 ,14 ,29689 ,5.2 ,36796 ,7.8 ,18 ,19348 ,-6.0 ,24028 ,-1.1 
Wyre,E07000128,34 ,23219 ,3.6 ,27291 ,-1.8 ,16 ,26035 ,-1.3 ,32051 ,-7.7 ,18 ,18220 ,5.2 ,22875 ,15.3 
MerseysideMetCounty,E11000002,432 ,24452 ,3.6 ,27919 ,2.5 ,205 ,28970 ,1.0 ,33113 ,0.6 ,227 ,20146 ,6.1 ,23234 ,5.9 
Knowsley,E08000011,39 ,23700 ,4.4 ,27139 ,4.9 ,19 ,26026 ,0.7 ,29420 ,-1.0 ,20 ,22116 ,11.0 ,24975 ,9.7 
Liverpool,E08000012,137 ,24963 ,7.1 ,28762 ,7.8 ,64 ,30020 ,7.8 ,33819 ,6.2 ,72 ,19800 ,7.0 ,24249 ,11.4 
St.Helens,E08000013,56 ,25535 ,3.6 ,27303 ,0.4 ,28 ,28992 ,-4.5 ,32534 ,-1.4 ,28 ,18619 ,-0.6 ,22089 ,2.7 
Sefton,E08000014,88 ,24244 ,2.6 ,26937 ,-0.4 ,38 ,,,31648 ,-5.5 ,49 ,20540 ,7.1 ,23293 ,8.2 
Wirral,E08000015,113 ,23984 ,-0.6 ,28239 ,-2.5 ,55 ,29380 ,-3.2 ,34874 ,-1.1 ,57 ,20114 ,2.8 ,21856 ,-2.6 
YorkshireandTheHumber,E12000003,1797 ,23836 ,3.6 ,28096 ,4.0 ,903 ,29000 ,3.2 ,34178 ,3.5 ,894 ,18677 ,4.7 ,21951 ,5.0 
EastRidingofYorkshire,E06000011,130 ,25258 ,3.5 ,29048 ,-2.6 ,65 ,31990 ,3.7 ,35585 ,-5.8 ,65 ,19674 ,9.8 ,22504 ,6.1 
KingstonuponHull,E06000010,94 ,20857 ,0.6 ,22626 ,-0.6 ,46 ,26330 ,-2.0 ,27414 ,-1.2 ,49 ,16966 ,5.1 ,18121 ,1.8 
NorthEastLincolnshire,E06000012,48 ,23258 ,7.8 ,27524 ,8.7 ,26 ,32914 ,7.5 ,35349 ,5.5 ,22 ,17518 ,16.7 ,18414 ,4.7 
NorthLincolnshire,E06000013,56 ,22726 ,3.2 ,25867 ,-1.3 ,29 ,29079 ,-10.1 ,31057 ,-9.7 ,28 ,18000 ,8.7 ,20502 ,7.9 
York,E06000014,68 ,24154 ,0.8 ,,,35 ,28200 ,-1.0 ,,,33 ,20443 ,11.7 ,23781 ,3.5 
NorthYorkshire,E10000023,214 ,23571 ,-1.2 ,29181 ,-0.2 ,106 ,28929 ,1.5 ,35491 ,1.2 ,108 ,18635 ,-0.5 ,22965 ,-1.8 
Craven,E07000163,19 ,20611 ,11.2 ,,,9 ,,,,,10 ,16982 ,3.4 ,23022 ,8.6 
Hambleton,E07000164,26 ,22694 ,-4.6 ,27527 ,-8.3 ,13 ,33283 ,,35824 ,9.7 ,13 ,,,18803 ,
Harrogate,E07000165,57 ,25145 ,-6.9 ,33769 ,-0.6 ,30 ,28759 ,-10.0 ,39720 ,-3.9 ,27 ,20877 ,-1.0 ,27157 ,7.5 
Richmondshire,E07000166,,,,23750 ,-14.1 ,,27845 ,-10.7 ,29935 ,-14.3 ,,,,16565 ,-18.3 
Ryedale,E07000167,18 ,23586 ,,26609 ,6.2 ,,27216 ,4.9 ,33034 ,4.7 ,10 ,20255 ,,21416 ,
Scarborough,E07000168,41 ,21557 ,3.7 ,24200 ,5.8 ,,,,27693 ,4.6 ,22 ,18205 ,3.0 ,21225 ,6.9 
Selby,E07000169,40 ,26939 ,-0.4 ,30994 ,-2.0 ,20 ,32531 ,0.7 ,37169 ,0.7 ,20 ,20004 ,2.0 ,24815 ,-4.4 
SouthYorkshireMetCounty,E11000003,409 ,23106 ,2.0 ,26781 ,2.9 ,215 ,29193 ,4.9 ,32763 ,3.1 ,195 ,17213 ,-1.1 ,20191 ,0.3 
Barnsley,E08000016,76 ,22372 ,1.3 ,26739 ,2.2 ,36 ,27584 ,0.6 ,33148 ,3.2 ,40 ,18488 ,3.1 ,20983 ,3.7 
Doncaster,E08000017,96 ,24604 ,8.7 ,28563 ,12.0 ,52 ,30994 ,11.3 ,36225 ,13.4 ,44 ,16878 ,4.8 ,19589 ,4.4 
Rotherham,E08000018,81 ,21363 ,-0.8 ,25230 ,-0.4 ,42 ,29553 ,6.8 ,32042 ,-2.4 ,39 ,16144 ,4.2 ,17806 ,0.4 
Sheffield,E08000019,156 ,23954 ,2.8 ,26509 ,-0.3 ,85 ,28123 ,0.6 ,30838 ,-0.7 ,72 ,17463 ,-7.4 ,21412 ,-2.4 
WestYorkshireMetCounty,E11000006,776 ,24480 ,6.1 ,28493 ,6.2 ,382 ,28757 ,4.5 ,34116 ,5.3 ,394 ,19749 ,7.3 ,23042 ,8.7 
Bradford,E08000032,153 ,23791 ,8.4 ,28790 ,10.2 ,82 ,27216 ,5.1 ,33844 ,9.2 ,71 ,18968 ,2.2 ,22990 ,8.0 
Calderdale,E08000033,71 ,24962 ,7.2 ,27626 ,4.4 ,33 ,28216 ,3.2 ,31627 ,5.6 ,39 ,21688 ,3.9 ,24210 ,4.7 
Kirklees,E08000034,150 ,23994 ,5.2 ,27428 ,1.8 ,78 ,28809 ,5.7 ,32982 ,-1.6 ,72 ,18530 ,9.4 ,21427 ,6.2 
Leeds,E08000035,281 ,26370 ,9.0 ,29884 ,7.6 ,137 ,30987 ,6.5 ,36054 ,7.0 ,144 ,21267 ,14.0 ,24025 ,11.8 
Wakefield,E08000036,120 ,22030 ,-2.0 ,26700 ,4.5 ,52 ,25993 ,-3.1 ,32719 ,5.1 ,68 ,18004 ,-0.2 ,22061 ,7.0 
EastMidlands,E12000004,1602 ,24500 ,3.7 ,28957 ,3.7 ,821 ,30008 ,2.9 ,35497 ,3.6 ,782 ,18953 ,4.9 ,22085 ,4.0 
Derby,E06000015,80 ,26346 ,2.2 ,30594 ,4.5 ,41 ,32195 ,5.0 ,36525 ,4.7 ,39 ,19891 ,1.0 ,24385 ,6.2 
Leicester,E06000016,90 ,21043 ,1.4 ,24006 ,2.9 ,43 ,24471 ,8.3 ,28214 ,7.4 ,46 ,17469 ,-0.8 ,20038 ,1.6 
Nottingham,E06000018,79 ,21562 ,6.2 ,24850 ,4.4 ,38 ,24703 ,2.6 ,28924 ,5.9 ,42 ,19564 ,8.9 ,21144 ,3.0 
Rutland,E06000017,13 ,30058 ,14.3 ,30402 ,-5.7 ,,33931 ,-0.1 ,39064 ,-9.0 ,,,,19142 ,-5.9 
Derbyshire,E10000007,266 ,25075 ,5.9 ,29381 ,6.1 ,142 ,29954 ,-0.6 ,35983 ,2.6 ,124 ,18805 ,8.5 ,21819 ,5.9 
AmberValley,E07000032,40 ,24690 ,7.3 ,31018 ,5.4 ,22 ,31905 ,8.0 ,38322 ,1.0 ,18 ,18045 ,6.3 ,21791 ,4.2 
Bolsover,E07000033,26 ,21325 ,1.4 ,25429 ,6.8 ,14 ,27982 ,13.2 ,31321 ,13.8 ,,16177 ,-3.8 ,18802 ,-8.5 
Chesterfield,E07000034,34 ,22832 ,4.2 ,25407 ,-3.9 ,18 ,27602 ,-8.7 ,31383 ,-6.1 ,17 ,17494 ,0.1 ,18943 ,-2.0 
DerbyshireDales,E07000035,17 ,,,30811 ,0.6 ,10 ,,,36216 ,-6.4 ,,,,23636 ,15.8 
Erewash,E07000036,43 ,25071 ,9.0 ,29696 ,11.6 ,21 ,30463 ,3.1 ,36122 ,6.9 ,21 ,19421 ,20.2 ,23316 ,17.4 
HighPeak,E07000037,29 ,23121 ,0.3 ,28746 ,15.5 ,17 ,28519 ,0.8 ,36378 ,16.1 ,12 ,14847 ,,18113 ,-4.9 
NorthEastDerbyshire,E07000038,32 ,,,28221 ,6.7 ,17 ,28474 ,-8.7 ,33699 ,0.0 ,,19630 ,9.5 ,22062 ,11.3 
SouthDerbyshire,E07000039,46 ,28822 ,5.0 ,33558 ,4.6 ,24 ,36581 ,-0.2 ,41064 ,-0.2 ,22 ,23696 ,17.6 ,25482 ,6.4 
Leicestershire,E10000018,237 ,25970 ,5.0 ,30405 ,5.8 ,123 ,31846 ,2.2 ,36724 ,2.9 ,114 ,19474 ,5.3 ,23617 ,9.3 
Blaby,E07000129,33 ,30341 ,14.7 ,33042 ,16.0 ,18 ,34794 ,12.8 ,38796 ,12.5 ,15 ,21718 ,13.1 ,26096 ,22.3 
Charnwood,E07000130,60 ,25382 ,-0.4 ,27800 ,-1.2 ,32 ,30523 ,-4.3 ,32759 ,-5.1 ,28 ,18858 ,7.1 ,22077 ,5.0 
Harborough,E07000131,31 ,29693 ,,34783 ,0.1 ,16 ,36346 ,9.9 ,40682 ,-5.4 ,15 ,23082 ,7.5 ,28705 ,8.9 
HinckleyandBosworth,E07000132,41 ,26027 ,10.5 ,29804 ,8.1 ,22 ,30190 ,,35736 ,5.2 ,20 ,20725 ,13.6 ,23186 ,13.3 
Melton,E07000133,13 ,,,24573 ,-0.9 ,,27997 ,-2.5 ,30044 ,-2.3 ,,,,19779 ,1.1 
NorthWestLeicestershire,E07000134,38 ,24324 ,0.7 ,30100 ,4.0 ,17 ,32726 ,-1.8 ,38424 ,1.3 ,20 ,17332 ,1.9 ,23020 ,8.5 
OadbyandWigston,E07000135,20 ,26570 ,12.0 ,32778 ,25.7 ,11 ,36866 ,27.8 ,42210 ,31.0 ,9 ,,,20999 ,1.0 
Lincolnshire,E10000019,264 ,23838 ,7.9 ,26558 ,1.8 ,130 ,28812 ,3.0 ,32324 ,0.8 ,134 ,18295 ,6.3 ,20946 ,5.7 
Boston,E07000136,23 ,20085 ,2.8 ,22197 ,5.8 ,13 ,23368 ,-0.3 ,25876 ,5.2 ,10 ,16427 ,10.8 ,17584 ,4.6 
EastLindsey,E07000137,43 ,21128 ,0.3 ,22876 ,-3.0 ,19 ,26890 ,2.5 ,28716 ,-0.6 ,24 ,17086 ,2.3 ,18252 ,-4.1 
Lincoln,E07000138,36 ,23464 ,10.6 ,26111 ,7.7 ,19 ,27456 ,0.7 ,30165 ,4.2 ,17 ,18349 ,7.3 ,21340 ,8.6 
NorthKesteven,E07000139,44 ,25836 ,7.7 ,28965 ,-0.8 ,20 ,30658 ,-3.4 ,35833 ,-2.8 ,24 ,20993 ,12.1 ,23254 ,6.8 
SouthHolland,E07000140,30 ,24920 ,4.5 ,28728 ,6.9 ,16 ,30806 ,7.6 ,33182 ,4.0 ,15 ,18980 ,-0.1 ,23942 ,13.8 
SouthKesteven,E07000141,51 ,22672 ,0.9 ,27675 ,-1.2 ,25 ,28258 ,,34731 ,-1.7 ,26 ,17296 ,10.0 ,20889 ,8.8 
WestLindsey,E07000142,39 ,26788 ,9.5 ,27679 ,1.7 ,19 ,32843 ,10.4 ,34795 ,3.7 ,19 ,18881 ,6.5 ,20606 ,1.7 
Northamptonshire,E10000021,270 ,26185 ,2.8 ,31400 ,4.9 ,145 ,31173 ,1.4 ,38265 ,6.7 ,125 ,20367 ,5.0 ,23433 ,0.5 
Corby,E07000150,28 ,23979 ,5.3 ,27327 ,8.3 ,16 ,28936 ,6.8 ,33055 ,16.5 ,13 ,18977 ,6.9 ,20258 ,-2.2 
Daventry,E07000151,33 ,,,36765 ,1.4 ,21 ,,,43254 ,0.6 ,,,,25543 ,-3.3 
EastNorthamptonshire,E07000152,34 ,29209 ,9.1 ,32819 ,7.1 ,20 ,32590 ,3.9 ,39940 ,11.1 ,15 ,23068 ,,23108 ,-0.2 
Kettering,E07000153,35 ,,,31519 ,12.6 ,18 ,33418 ,14.9 ,38632 ,19.4 ,,,,23850 ,0.3 
Northampton,E07000154,73 ,24243 ,-3.9 ,30222 ,2.4 ,38 ,30520 ,-4.9 ,37783 ,6.2 ,36 ,18991 ,-2.4 ,22157 ,-5.5 
SouthNorthamptonshire,E07000155,38 ,28595 ,,33047 ,0.9 ,19 ,,,39533 ,-4.8 ,19 ,,,26319 ,11.0 
Wellingborough,E07000156,29 ,,,28264 ,7.3 ,14 ,25918 ,-5.6 ,33264 ,5.4 ,,,,23677 ,
Nottinghamshire,E10000024,303 ,23956 ,2.0 ,29425 ,0.5 ,151 ,30422 ,1.7 ,37412 ,2.1 ,152 ,18343 ,3.8 ,21463 ,1.5 
Ashfield,E07000170,48 ,22590 ,-0.5 ,26543 ,3.4 ,26 ,29373 ,7.4 ,32049 ,6.5 ,23 ,17927 ,-0.2 ,20291 ,-1.3 
Bassetlaw,E07000171,43 ,22839 ,2.9 ,27133 ,4.3 ,23 ,30405 ,3.7 ,32996 ,4.1 ,20 ,16533 ,-4.7 ,20415 ,4.5 
Broxtowe,E07000172,44 ,27126 ,7.3 ,34494 ,7.8 ,24 ,,,44855 ,12.4 ,20 ,18110 ,3.3 ,22262 ,3.2 
Gedling,E07000173,45 ,22728 ,0.5 ,26284 ,-10.5 ,20 ,29713 ,-1.3 ,35281 ,-7.1 ,26 ,16640 ,-0.9 ,19331 ,-2.4 
Mansfield,E07000174,33 ,22224 ,13.3 ,24661 ,6.5 ,14 ,25267 ,0.3 ,29229 ,3.9 ,19 ,18513 ,11.7 ,21234 ,
NewarkandSherwood,E07000175,41 ,23281 ,3.3 ,29252 ,2.3 ,20 ,,,36911 ,-0.4 ,21 ,16790 ,4.9 ,22135 ,10.5 
Rushcliffe,E07000176,48 ,28434 ,-1.9 ,36173 ,-5.7 ,25 ,37629 ,5.6 ,46680 ,-1.8 ,23 ,,,24768 ,-8.5 
WestMidlands,E12000005,1859 ,24634 ,4.2 ,29408 ,4.7 ,952 ,29631 ,4.0 ,35839 ,4.9 ,907 ,19504 ,5.9 ,22656 ,4.5 
Herefordshire,E06000019,60 ,22257 ,2.7 ,25889 ,0.4 ,28 ,28916 ,9.0 ,33809 ,3.6 ,32 ,16983 ,0.1 ,19022 ,-0.1 
Stoke-on-Trent,E06000021,89 ,23677 ,6.8 ,26765 ,6.1 ,44 ,27628 ,5.2 ,32002 ,6.4 ,45 ,19818 ,13.5 ,21553 ,8.7 
TelfordandWrekin,E06000020,74 ,23369 ,3.7 ,26294 ,1.8 ,35 ,28257 ,-5.7 ,32837 ,0.6 ,38 ,17573 ,3.1 ,20275 ,0.6 
Shropshire,E06000051,119 ,22893 ,-3.4 ,28420 ,0.8 ,60 ,27522 ,1.2 ,34658 ,2.4 ,59 ,17891 ,-4.1 ,22020 ,-1.3 
Staffordshire,E10000028,307 ,25617 ,4.2 ,29442 ,4.0 ,160 ,31266 ,4.5 ,35144 ,3.0 ,147 ,19835 ,7.4 ,23233 ,6.7 
CannockChase,E07000192,35 ,23854 ,1.9 ,25272 ,0.9 ,19 ,28281 ,-0.3 ,31115 ,2.4 ,17 ,16912 ,-0.8 ,18647 ,0.7 
EastStaffordshire,E07000193,44 ,25541 ,,28541 ,2.6 ,22 ,30851 ,6.2 ,34011 ,2.3 ,22 ,19800 ,,23237 ,
Lichfield,E07000194,37 ,30929 ,10.6 ,35780 ,7.5 ,17 ,39910 ,17.1 ,45476 ,15.8 ,20 ,22379 ,,27508 ,7.1 
Newcastle-under-Lyme,E07000195,47 ,24000 ,9.3 ,27066 ,9.8 ,24 ,28410 ,7.2 ,31029 ,11.1 ,23 ,19739 ,10.7 ,22903 ,8.3 
SouthStaffordshire,E07000196,41 ,29839 ,13.8 ,31937 ,3.7 ,21 ,37853 ,7.4 ,40133 ,-0.9 ,19 ,20007 ,16.1 ,22855 ,8.0 
Stafford,E07000197,44 ,26276 ,-1.6 ,30793 ,1.0 ,24 ,,,35134 ,-2.6 ,20 ,21265 ,10.0 ,25576 ,7.3 
StaffordshireMoorlands,E07000198,,25412 ,2.8 ,28731 ,1.9 ,,28698 ,-6.6 ,33330 ,-3.5 ,17 ,20113 ,4.2 ,23419 ,10.6 
Tamworth,E07000199,24 ,23550 ,-3.8 ,26475 ,0.5 ,14 ,27026 ,-7.5 ,31829 ,0.2 ,10 ,16913 ,-11.7 ,18577 ,-7.5 
Warwickshire,E10000031,209 ,27612 ,8.5 ,32253 ,-3.8 ,105 ,33419 ,2.6 ,39117 ,-10.5 ,104 ,21869 ,11.6 ,25318 ,7.3 
NorthWarwickshire,E07000218,21 ,27268 ,3.5 ,30274 ,-4.6 ,10 ,40449 ,7.3 ,40750 ,-0.8 ,11 ,17762 ,2.1 ,20999 ,-6.4 
NuneatonandBedworth,E07000219,46 ,24500 ,10.2 ,27396 ,9.3 ,22 ,28813 ,9.9 ,34065 ,13.0 ,24 ,17381 ,-2.5 ,21196 ,3.5 
Rugby,E07000220,39 ,28250 ,10.1 ,31339 ,3.5 ,19 ,32820 ,-1.8 ,34352 ,-10.5 ,20 ,24996 ,,28568 ,23.7 
Stratford-on-Avon,E07000221,49 ,28004 ,8.7 ,33770 ,,25 ,,,40478 ,,24 ,21888 ,11.3 ,26747 ,0.9 
Warwick,E07000222,54 ,30304 ,8.3 ,36473 ,0.9 ,29 ,36217 ,4.9 ,44317 ,-3.1 ,25 ,,,27186 ,8.4 
WestMidlandsMetCounty,E11000005,787 ,24262 ,4.6 ,29909 ,10.4 ,408 ,28808 ,6.2 ,36480 ,13.0 ,379 ,19585 ,5.4 ,22835 ,6.3 
Birmingham,E08000025,245 ,23601 ,4.5 ,28214 ,5.1 ,129 ,27868 ,5.2 ,32947 ,5.8 ,116 ,19209 ,3.9 ,22969 ,5.1 
Coventry,E08000026,113 ,24537 ,2.2 ,28541 ,2.9 ,53 ,29523 ,1.0 ,33537 ,0.4 ,60 ,20602 ,4.2 ,24105 ,7.8 
Dudley,E08000027,109 ,26512 ,6.3 ,29995 ,6.7 ,61 ,31216 ,7.4 ,35758 ,5.4 ,49 ,19986 ,9.0 ,22828 ,9.3 
Sandwell,E08000028,96 ,22239 ,4.2 ,24629 ,3.6 ,50 ,25182 ,4.8 ,27741 ,3.5 ,46 ,19054 ,2.6 ,21281 ,2.2 
Solihull,E08000029,69 ,29068 ,5.4 ,,,36 ,35685 ,-0.6 ,,,34 ,,,25808 ,2.3 
Walsall,E08000030,79 ,23960 ,8.8 ,25836 ,7.9 ,40 ,27889 ,6.2 ,29884 ,3.6 ,39 ,19137 ,13.3 ,21742 ,13.0 
Wolverhampton,E08000031,76 ,22713 ,2.4 ,25694 ,3.7 ,40 ,26302 ,1.8 ,30069 ,2.8 ,35 ,18767 ,6.7 ,20666 ,5.6 
Worcestershire,E10000034,214 ,23751 ,0.5 ,28490 ,0.2 ,111 ,28917 ,-2.3 ,35091 ,0.6 ,103 ,18162 ,-0.3 ,21379 ,-3.0 
Bromsgrove,E07000234,33 ,26313 ,-2.9 ,32887 ,-2.0 ,16 ,34210 ,-1.9 ,43252 ,5.4 ,17 ,18200 ,-11.3 ,23282 ,-11.3 
MalvernHills,E07000235,22 ,22145 ,,26412 ,-1.6 ,11 ,,,31178 ,1.5 ,11 ,,,21876 ,
Redditch,E07000236,34 ,21821 ,1.4 ,25422 ,8.2 ,18 ,26448 ,1.0 ,29596 ,3.7 ,16 ,18911 ,8.7 ,20923 ,11.0 
Worcester,E07000237,45 ,22804 ,-7.1 ,27802 ,2.8 ,24 ,27477 ,-6.1 ,34001 ,7.6 ,21 ,19532 ,-3.4 ,20676 ,-6.3 
Wychavon,E07000238,45 ,24582 ,3.0 ,29055 ,-6.1 ,24 ,,,35666 ,-13.0 ,22 ,17340 ,0.1 ,21880 ,3.6 
WyreForest,E07000239,34 ,24373 ,14.8 ,28762 ,7.0 ,,30571 ,12.2 ,36217 ,10.8 ,,,,19572 ,-5.7 
East,E12000006,2180 ,26697 ,2.4 ,33114 ,3.1 ,1080 ,33189 ,2.5 ,41161 ,2.4 ,1100 ,20294 ,3.1 ,25210 ,4.6 
Luton,E06000032,55 ,24520 ,0.0 ,28626 ,1.5 ,25 ,30497 ,2.1 ,35350 ,6.1 ,30 ,21079 ,3.4 ,22846 ,-1.6 
Peterborough,E06000031,68 ,23973 ,4.9 ,26943 ,1.6 ,35 ,28838 ,6.1 ,31185 ,-0.9 ,34 ,18976 ,1.0 ,22601 ,7.6 
Southend-on-Sea,E06000033,60 ,26755 ,-1.0 ,33314 ,1.0 ,27 ,34014 ,5.5 ,43536 ,7.1 ,33 ,,,24913 ,-6.0 
Thurrock,E06000034,58 ,28198 ,4.7 ,30404 ,-1.0 ,27 ,34830 ,1.2 ,38544 ,-3.7 ,32 ,,,23540 ,2.5 
Bedford,E06000055,68 ,28745 ,12.1 ,33570 ,9.0 ,35 ,35568 ,12.5 ,41469 ,9.0 ,33 ,22107 ,8.5 ,25366 ,9.3 
CentralBedfordshire,E06000056,110 ,30473 ,1.5 ,34495 ,3.0 ,54 ,36648 ,3.1 ,42989 ,2.5 ,57 ,22820 ,11.9 ,26479 ,5.5 
Cambridgeshire,E10000003,282 ,29242 ,5.2 ,34463 ,2.3 ,141 ,34265 ,0.3 ,41016 ,1.0 ,141 ,23000 ,6.4 ,27899 ,5.0 
Cambridge,E07000008,53 ,31673 ,11.0 ,35830 ,7.7 ,,34993 ,11.0 ,42203 ,11.4 ,27 ,27046 ,10.1 ,29574 ,1.7 
EastCambridgeshire,E07000009,40 ,27238 ,,34923 ,4.8 ,20 ,31299 ,,41984 ,2.0 ,20 ,21506 ,,27777 ,12.4 
Fenland,E07000010,37 ,23972 ,6.5 ,25554 ,-3.7 ,18 ,30270 ,8.1 ,32062 ,0.3 ,19 ,16451 ,-2.5 ,19287 ,-6.9 
Huntingdonshire,E07000011,78 ,28911 ,4.1 ,34173 ,6.5 ,40 ,31903 ,-1.1 ,38994 ,4.8 ,38 ,25157 ,11.6 ,29026 ,9.1 
SouthCambridgeshire,E07000012,75 ,31425 ,-4.3 ,37950 ,-4.2 ,37 ,39125 ,-6.9 ,46262 ,-8.4 ,38 ,24192 ,6.9 ,29935 ,4.4 
Essex,E10000012,508 ,26317 ,0.0 ,34865 ,4.2 ,249 ,33250 ,0.1 ,44382 ,4.2 ,259 ,19317 ,0.7 ,25724 ,4.2 
Basildon,E07000066,66 ,25704 ,-7.3 ,30705 ,-6.5 ,33 ,32892 ,-3.0 ,38196 ,-8.1 ,33 ,19534 ,0.3 ,23014 ,-3.4 
Braintree,E07000067,59 ,25629 ,-5.4 ,33867 ,3.7 ,27 ,35180 ,-1.8 ,40744 ,-0.1 ,32 ,18609 ,,,
Brentwood,E07000068,28 ,,,,,16 ,,,,,,,,,
CastlePoint,E07000069,27 ,26233 ,,33243 ,2.6 ,13 ,35229 ,0.5 ,46259 ,7.8 ,15 ,18260 ,,21786 ,-7.1 
Chelmsford,E07000070,56 ,,,33393 ,1.8 ,27 ,35496 ,7.2 ,41244 ,-0.8 ,,,,26234 ,5.0 
Colchester,E07000071,68 ,24962 ,2.1 ,32589 ,-2.4 ,34 ,31740 ,6.0 ,40130 ,,33 ,17313 ,,24830 ,10.6 
EppingForest,E07000072,46 ,28334 ,3.8 ,34975 ,1.2 ,20 ,33937 ,-5.7 ,45630 ,4.1 ,26 ,20493 ,,26750 ,1.4 
Harlow,E07000073,26 ,24371 ,3.7 ,29089 ,6.3 ,14 ,30477 ,,34062 ,3.6 ,12 ,20336 ,12.4 ,23448 ,5.9 
Maldon,E07000074,23 ,27440 ,,41039 ,-5.1 ,12 ,36605 ,,47471 ,-14.1 ,11 ,,,,
Rochford,E07000075,,25214 ,1.6 ,31135 ,-1.5 ,13 ,,,37761 ,-7.7 ,,20056 ,,25803 ,6.3 
Tendring,E07000076,44 ,,,24828 ,-3.7 ,,,,,,,,,18134 ,-3.3 
Uttlesford,E07000077,35 ,28940 ,,40259 ,-1.1 ,18 ,37408 ,-7.1 ,46420 ,-6.3 ,17 ,21401 ,,,
Hertfordshire,E10000015,386 ,31165 ,6.2 ,39595 ,5.4 ,195 ,37923 ,4.6 ,48197 ,0.9 ,191 ,23799 ,1.6 ,30813 ,11.1 
Broxbourne,E07000095,31 ,29733 ,3.6 ,33709 ,-1.5 ,13 ,39354 ,16.6 ,42589 ,-4.2 ,,,,27326 ,6.4 
Dacorum,E07000096,51 ,29099 ,3.3 ,35562 ,9.7 ,24 ,35388 ,3.1 ,42399 ,2.6 ,26 ,20957 ,8.8 ,29230 ,24.4 
EastHertfordshire,E07000242,51 ,32240 ,-1.8 ,44195 ,-9.6 ,26 ,41119 ,-11.1 ,58681 ,-19.3 ,26 ,24689 ,-1.9 ,29973 ,5.5 
Hertsmere,E07000098,33 ,30852 ,3.8 ,35416 ,-7.0 ,14 ,34858 ,2.2 ,41612 ,-11.2 ,19 ,24583 ,-2.9 ,30922 ,2.0 
NorthHertfordshire,E07000099,46 ,33311 ,6.3 ,39964 ,13.0 ,26 ,39072 ,2.9 ,45154 ,7.5 ,20 ,24009 ,7.8 ,33355 ,15.5 
StAlbans,E07000240,51 ,,,50414 ,6.2 ,,,,63526 ,6.9 ,23 ,27878 ,6.6 ,35129 ,-1.4 
Stevenage,E07000243,26 ,26017 ,3.4 ,33776 ,23.9 ,14 ,34886 ,16.6 ,44233 ,35.3 ,12 ,21028 ,-3.1 ,21538 ,-1.9 
ThreeRivers,E07000102,32 ,30516 ,9.6 ,44956 ,24.0 ,19 ,36007 ,6.3 ,48442 ,14.6 ,13 ,22736 ,9.1 ,,
Watford,E07000103,35 ,29639 ,5.9 ,35309 ,8.4 ,18 ,35080 ,1.5 ,38607 ,-1.3 ,17 ,25248 ,4.5 ,31620 ,24.1 
WelwynHatfield,E07000241,31 ,28504 ,3.7 ,34694 ,8.0 ,14 ,34235 ,-1.1 ,42790 ,6.3 ,17 ,24534 ,7.3 ,28119 ,13.6 
Norfolk,E10000020,303 ,22857 ,0.2 ,26195 ,3.0 ,151 ,28571 ,2.2 ,33016 ,2.8 ,152 ,17162 ,4.0 ,19438 ,3.2 
Breckland,E07000143,47 ,22851 ,1.5 ,25374 ,7.3 ,,,,31333 ,3.8 ,24 ,18631 ,12.4 ,19773 ,11.6 
Broadland,E07000144,44 ,,,26636 ,3.0 ,21 ,,,34490 ,2.1 ,,,,19317 ,9.7 
GreatYarmouth,E07000145,34 ,20944 ,5.3 ,25435 ,7.4 ,,,,33596 ,6.8 ,17 ,15326 ,7.0 ,17271 ,6.0 
King'sLynnandWestNorfolk,E07000146,53 ,22390 ,1.9 ,25882 ,3.5 ,26 ,31285 ,3.6 ,33397 ,3.6 ,27 ,15725 ,-4.7 ,18446 ,-3.1 
NorthNorfolk,E07000147,28 ,21941 ,,23274 ,2.9 ,14 ,26146 ,4.8 ,29848 ,9.5 ,14 ,14464 ,-10.6 ,16337 ,-9.2 
Norwich,E07000148,48 ,23176 ,-0.2 ,27450 ,5.2 ,25 ,25332 ,-2.4 ,31773 ,2.0 ,23 ,,,22778 ,12.2 
SouthNorfolk,E07000149,49 ,23735 ,-5.7 ,27871 ,-2.7 ,24 ,30553 ,1.8 ,35641 ,0.0 ,25 ,17093 ,-4.3 ,20352 ,-4.4 
Suffolk,E10000029,280 ,24157 ,2.2 ,29360 ,0.7 ,142 ,30619 ,4.7 ,37331 ,2.2 ,138 ,18140 ,3.4 ,21176 ,1.7 
Babergh,E07000200,32 ,24466 ,-3.8 ,33955 ,-1.7 ,18 ,29772 ,1.8 ,42500 ,-4.5 ,14 ,,,23413 ,8.3 
Ipswich,E07000202,58 ,22862 ,3.3 ,25885 ,0.4 ,30 ,27352 ,-1.5 ,32412 ,5.8 ,28 ,16418 ,-3.0 ,18745 ,-5.9 
MidSuffolk,E07000203,41 ,24218 ,-2.3 ,27825 ,-5.1 ,20 ,29337 ,1.7 ,32754 ,-6.4 ,21 ,,,23147 ,1.6 
EastSuffolk,E07000244,86 ,24193 ,3.9 ,28459 ,0.2 ,45 ,33186 ,4.9 ,37108 ,1.7 ,41 ,16995 ,5.0 ,19075 ,0.7 
WestSuffolk,E07000245,64 ,25346 ,4.2 ,32404 ,5.3 ,29 ,32829 ,12.3 ,42702 ,8.0 ,34 ,19630 ,4.8 ,23524 ,4.6 
London,E12000007,2604 ,32533 ,4.2 ,42667 ,3.3 ,1299 ,37900 ,5.3 ,50762 ,2.5 ,1305 ,27501 ,3.7 ,34609 ,4.9 
InnerLondon,E13000001,993 ,35000 ,3.5 ,47077 ,0.9 ,501 ,39340 ,5.1 ,55968 ,0.6 ,492 ,31224 ,3.4 ,38012 ,2.5 
Camden,E09000007,53 ,34525 ,-2.1 ,51778 ,-7.0 ,26 ,,,57306 ,-13.3 ,27 ,31880 ,-3.3 ,46437 ,7.5 
CityofLondon,E09000001,,,,,,,,,,,,,,,
Hackney,E09000012,81 ,32241 ,12.0 ,38419 ,5.3 ,43 ,33197 ,4.5 ,43760 ,3.0 ,38 ,29948 ,13.1 ,32413 ,5.7 
HammersmithandFulham,E09000013,61 ,37204 ,-4.1 ,53130 ,2.6 ,32 ,42610 ,1.5 ,,,29 ,32552 ,-6.1 ,36422 ,-6.8 
Haringey,E09000014,77 ,29986 ,2.8 ,35098 ,-2.7 ,38 ,33296 ,2.0 ,41942 ,-3.5 ,39 ,26462 ,7.5 ,28345 ,-1.9 
Islington,E09000019,68 ,41329 ,9.8 ,45929 ,-10.6 ,36 ,46789 ,17.7 ,50292 ,-12.4 ,32 ,32773 ,,41118 ,-8.6 
KensingtonandChelsea,E09000020,,,,,,,,,,,,,,39450 ,-3.9 
Lambeth,E09000022,97 ,36369 ,9.9 ,44733 ,11.9 ,49 ,44366 ,19.0 ,52255 ,9.6 ,48 ,30613 ,3.5 ,36922 ,16.4 
Lewisham,E09000023,90 ,31480 ,8.6 ,41280 ,15.7 ,42 ,36772 ,10.7 ,48667 ,22.8 ,48 ,27865 ,9.4 ,34794 ,9.1 
Newham,E09000025,85 ,28369 ,8.7 ,31401 ,4.4 ,44 ,,,34933 ,2.5 ,41 ,,,27637 ,9.3 
Southwark,E09000028,98 ,33682 ,-3.9 ,44337 ,4.0 ,50 ,42800 ,8.3 ,54879 ,7.1 ,48 ,28311 ,-7.1 ,33341 ,-3.3 
TowerHamlets,E09000030,87 ,36605 ,-3.7 ,49500 ,-2.3 ,45 ,,,57645 ,0.7 ,42 ,34986 ,3.2 ,40785 ,-2.9 
Wandsworth,E09000032,108 ,41100 ,5.2 ,55313 ,-0.4 ,47 ,45369 ,4.9 ,64737 ,-4.5 ,61 ,40002 ,5.0 ,48149 ,8.6 
Westminster,E09000033,50 ,41029 ,9.6 ,63791 ,-7.5 ,29 ,42414 ,,67989 ,,21 ,36896 ,6.2 ,57795 ,-4.0 
OuterLondon,E13000002,1610 ,31090 ,5.0 ,39918 ,5.6 ,797 ,36696 ,4.7 ,47446 ,4.6 ,813 ,25388 ,3.5 ,32532 ,6.8 
BarkingandDagenham,E09000002,44 ,26913 ,5.9 ,29078 ,9.1 ,22 ,33152 ,15.4 ,33965 ,11.7 ,22 ,23316 ,15.6 ,24300 ,4.8 
Barnet,E09000003,116 ,27808 ,-5.8 ,38341 ,-1.0 ,53 ,35943 ,7.5 ,46338 ,-0.2 ,63 ,23758 ,-3.6 ,31528 ,-1.7 
Bexley,E09000004,77 ,32530 ,5.9 ,38732 ,6.2 ,38 ,38403 ,1.3 ,45859 ,2.7 ,39 ,27240 ,15.4 ,31776 ,11.1 
Brent,E09000005,92 ,28281 ,7.4 ,33375 ,-1.0 ,46 ,34162 ,13.5 ,38646 ,-0.6 ,46 ,23716 ,3.5 ,28099 ,-2.6 
Bromley,E09000006,113 ,35063 ,4.5 ,46984 ,7.2 ,56 ,43712 ,,59696 ,8.3 ,57 ,25546 ,-2.9 ,34290 ,2.8 
Croydon,E09000008,117 ,30619 ,1.7 ,36341 ,4.7 ,55 ,35947 ,4.8 ,43978 ,8.8 ,62 ,24354 ,-3.7 ,29534 ,0.7 
Ealing,E09000009,114 ,31487 ,12.9 ,43316 ,15.4 ,57 ,34629 ,12.5 ,46305 ,8.5 ,57 ,26244 ,13.9 ,,
Enfield,E09000010,89 ,25994 ,0.2 ,32593 ,0.5 ,44 ,29537 ,-1.7 ,37252 ,-2.7 ,45 ,23944 ,7.3 ,28096 ,6.4 
Greenwich,E09000011,80 ,32170 ,3.4 ,43261 ,4.1 ,36 ,37349 ,6.7 ,50745 ,7.2 ,45 ,,,,
Harrow,E09000015,83 ,32398 ,9.5 ,40723 ,11.4 ,43 ,38169 ,3.9 ,48554 ,13.0 ,40 ,25744 ,7.1 ,32308 ,5.5 
Havering,E09000016,77 ,30833 ,5.8 ,36364 ,2.3 ,38 ,37147 ,5.6 ,45177 ,1.4 ,39 ,24585 ,9.7 ,27833 ,4.5 
Hillingdon,E09000017,95 ,29350 ,3.7 ,32795 ,3.1 ,43 ,35838 ,16.7 ,37979 ,7.5 ,52 ,26178 ,4.4 ,28481 ,-0.5 
Hounslow,E09000018,83 ,29666 ,-0.9 ,36462 ,5.1 ,43 ,34809 ,-2.2 ,43040 ,4.4 ,40 ,23773 ,8.5 ,29330 ,7.2 
KingstonuponThames,E09000021,61 ,36170 ,5.9 ,47254 ,7.8 ,32 ,43627 ,3.5 ,59693 ,3.5 ,29 ,,,33413 ,12.4 
Merton,E09000024,74 ,32197 ,-1.0 ,48637 ,10.6 ,35 ,37125 ,1.9 ,59116 ,13.9 ,39 ,28046 ,-0.5 ,39131 ,9.8 
Redbridge,E09000026,78 ,31200 ,6.2 ,38149 ,3.4 ,39 ,37768 ,5.0 ,45794 ,3.7 ,39 ,24283 ,5.9 ,30574 ,4.3 
RichmonduponThames,E09000027,70 ,38212 ,3.2 ,65144 ,3.6 ,,,,80423 ,-3.8 ,34 ,30843 ,3.5 ,49016 ,18.7 
Sutton,E09000029,67 ,28316 ,-5.4 ,33570 ,-6.8 ,37 ,34180 ,-4.3 ,38659 ,-11.2 ,31 ,22129 ,-8.5 ,27475 ,-3.6 
WalthamForest,E09000031,82 ,32191 ,9.9 ,38023 ,9.2 ,45 ,35083 ,5.2 ,41782 ,3.7 ,37 ,27028 ,7.9 ,33389 ,12.8 
SouthEast,E12000008,3458 ,27888 ,2.8 ,35039 ,1.6 ,1724 ,34996 ,3.2 ,44149 ,1.3 ,1734 ,21400 ,3.2 ,25980 ,3.1 
BracknellForest,E06000036,61 ,27997 ,-4.7 ,34094 ,-5.1 ,30 ,40334 ,7.4 ,44467 ,5.5 ,31 ,20335 ,,24093 ,-16.7 
BrightonandHove,E06000043,107 ,27865 ,8.0 ,31149 ,0.7 ,52 ,34787 ,11.5 ,39902 ,2.9 ,56 ,21285 ,12.3 ,22984 ,1.5 
IsleofWight,E06000046,38 ,25026 ,18.6 ,26347 ,8.8 ,19 ,29789 ,12.9 ,31860 ,4.8 ,19 ,15907 ,-0.4 ,20697 ,11.3 
Medway,E06000035,107 ,28132 ,6.0 ,32644 ,7.0 ,59 ,35007 ,4.8 ,39911 ,5.7 ,48 ,20782 ,8.6 ,23677 ,8.4 
MiltonKeynes,E06000042,104 ,28545 ,-0.6 ,33365 ,2.0 ,52 ,34521 ,1.1 ,40799 ,5.2 ,52 ,23711 ,1.0 ,25969 ,-0.6 
Portsmouth,E06000044,73 ,22148 ,-4.7 ,27829 ,7.5 ,32 ,28932 ,4.2 ,35271 ,18.3 ,41 ,19770 ,12.6 ,21983 ,3.2 
Reading,E06000038,63 ,27992 ,-0.2 ,33363 ,1.5 ,37 ,31942 ,-0.7 ,37262 ,-4.5 ,26 ,22484 ,9.7 ,27889 ,13.8 
Slough,E06000039,54 ,28794 ,2.5 ,30933 ,,,33966 ,3.6 ,36674 ,,26 ,23107 ,,24788 ,-0.2 
Southampton,E06000045,97 ,25033 ,3.0 ,28285 ,8.4 ,52 ,30561 ,4.3 ,33694 ,9.1 ,44 ,19071 ,,21875 ,4.8 
WestBerkshire,E06000037,70 ,28098 ,-3.7 ,35045 ,-8.6 ,31 ,36091 ,,44366 ,-8.9 ,39 ,22982 ,-2.2 ,27579 ,-5.9 
WindsorandMaidenhead,E06000040,53 ,35938 ,,,,24 ,,,,,29 ,26123 ,-7.1 ,33555 ,-1.4 
Wokingham,E06000041,80 ,31008 ,4.2 ,39899 ,0.8 ,38 ,,,52956 ,-2.0 ,42 ,22563 ,1.7 ,28257 ,9.0 
Buckinghamshire,E06000060,208 ,30000 ,2.4 ,39818 ,-2.2 ,98 ,35232 ,0.2 ,51189 ,-5.6 ,110 ,24074 ,3.3 ,29652 ,2.7 
EastSussex,E10000011,177 ,24314 ,6.0 ,29919 ,5.0 ,89 ,31420 ,7.0 ,37956 ,5.5 ,88 ,18943 ,2.4 ,21860 ,-0.8 
Eastbourne,E07000061,31 ,24055 ,3.0 ,29188 ,11.3 ,16 ,35098 ,21.0 ,36877 ,18.0 ,15 ,16909 ,-9.3 ,20546 ,-5.7 
Hastings,E07000062,31 ,21908 ,5.4 ,23843 ,4.7 ,16 ,24503 ,2.2 ,26786 ,5.2 ,15 ,18757 ,2.7 ,20687 ,3.0 
Lewes,E07000063,34 ,26228 ,4.9 ,32927 ,4.1 ,16 ,34608 ,-0.7 ,42261 ,1.0 ,18 ,20565 ,8.6 ,24701 ,5.6 
Rother,E07000064,27 ,21685 ,-3.0 ,29140 ,-4.3 ,13 ,29259 ,2.2 ,41491 ,-1.4 ,14 ,,,17433 ,-13.9 
Wealden,E07000065,54 ,26000 ,8.4 ,32322 ,4.7 ,27 ,34965 ,,40968 ,2.2 ,27 ,,,23608 ,0.9 
Hampshire,E10000014,592 ,28304 ,5.9 ,33333 ,-0.5 ,286 ,35227 ,2.1 ,41401 ,-3.3 ,306 ,21724 ,9.2 ,25779 ,7.0 
BasingstokeandDeane,E07000084,72 ,32211 ,5.9 ,38623 ,11.0 ,37 ,38992 ,3.0 ,45383 ,8.4 ,35 ,24057 ,13.4 ,31594 ,18.0 
EastHampshire,E07000085,50 ,29786 ,5.9 ,35612 ,-16.0 ,25 ,31020 ,-10.9 ,39679 ,,,,,31618 ,8.0 
Eastleigh,E07000086,68 ,27160 ,8.8 ,30834 ,0.2 ,33 ,34536 ,13.0 ,38790 ,4.8 ,35 ,19910 ,-1.8 ,23166 ,-3.7 
Fareham,E07000087,48 ,,,32361 ,-10.8 ,24 ,35130 ,,41316 ,-13.4 ,,,,23625 ,-4.8 
Gosport,E07000088,33 ,25311 ,6.3 ,28826 ,2.4 ,15 ,31498 ,1.1 ,36491 ,0.1 ,18 ,20120 ,12.6 ,22308 ,6.1 
Hart,E07000089,36 ,31732 ,,38850 ,-5.2 ,20 ,42731 ,,49025 ,,16 ,,,26731 ,-1.7 
Havant,E07000090,54 ,23761 ,-3.1 ,26996 ,-1.3 ,25 ,30751 ,-0.9 ,34268 ,-2.4 ,29 ,18543 ,13.0 ,20892 ,7.8 
NewForest,E07000091,71 ,25704 ,6.9 ,30997 ,5.7 ,32 ,36449 ,5.8 ,42696 ,5.3 ,39 ,19076 ,15.2 ,21203 ,5.2 
Rushmoor,E07000092,41 ,32236 ,17.5 ,35833 ,6.5 ,20 ,35760 ,5.6 ,40517 ,-3.4 ,21 ,24047 ,11.9 ,31226 ,26.9 
TestValley,E07000093,63 ,27971 ,,31208 ,0.5 ,28 ,36105 ,,41908 ,,34 ,20163 ,,22347 ,2.0 
Winchester,E07000094,57 ,30965 ,8.2 ,36986 ,3.6 ,,,,43137 ,-4.8 ,29 ,25056 ,10.0 ,31229 ,13.1 
Kent,E10000016,530 ,26377 ,-1.8 ,33375 ,0.6 ,272 ,34455 ,1.9 ,41802 ,-0.1 ,258 ,19835 ,-2.5 ,24519 ,2.2 
Ashford,E07000105,42 ,25345 ,0.9 ,31550 ,0.7 ,,32121 ,-7.3 ,37861 ,-4.4 ,18 ,19348 ,-0.2 ,22679 ,6.4 
Canterbury,E07000106,59 ,24885 ,-0.6 ,30865 ,-2.0 ,25 ,31325 ,-13.5 ,39001 ,-3.4 ,34 ,19925 ,,24940 ,10.5 
Dartford,E07000107,39 ,33300 ,13.0 ,34378 ,7.8 ,20 ,39736 ,6.8 ,40708 ,0.7 ,20 ,25029 ,24.9 ,27918 ,21.1 
Dover,E07000108,37 ,25880 ,-4.5 ,33151 ,6.5 ,18 ,35089 ,16.9 ,39787 ,15.7 ,19 ,18917 ,-22.5 ,26836 ,-4.0 
Gravesham,E07000109,36 ,26439 ,3.1 ,30746 ,-2.8 ,18 ,35373 ,-0.6 ,40666 ,-3.7 ,18 ,19759 ,,21112 ,7.7 
Maidstone,E07000110,55 ,28868 ,8.3 ,32034 ,5.2 ,28 ,34763 ,11.7 ,40030 ,6.0 ,26 ,,,23426 ,2.6 
Sevenoaks,E07000111,38 ,,,35143 ,-27.2 ,19 ,34767 ,-15.4 ,45518 ,-30.3 ,,,,,
FolkestoneandHythe,E07000112,34 ,24403 ,-6.0 ,29010 ,-2.0 ,20 ,30953 ,,34728 ,0.2 ,14 ,18122 ,-14.8 ,20847 ,-10.5 
Swale,E07000113,55 ,24501 ,-5.7 ,29227 ,-3.3 ,,,,37028 ,0.5 ,26 ,16725 ,-5.8 ,20757 ,-7.9 
Thanet,E07000114,44 ,22539 ,7.0 ,26431 ,6.1 ,21 ,27749 ,4.7 ,31022 ,1.1 ,23 ,17470 ,4.1 ,22136 ,10.3 
TonbridgeandMalling,E07000115,48 ,29423 ,-0.7 ,39821 ,-2.2 ,28 ,38230 ,-3.1 ,49156 ,-10.7 ,,23732 ,9.1 ,27464 ,-0.1 
TunbridgeWells,E07000116,43 ,30360 ,-0.3 ,48965 ,25.8 ,22 ,45610 ,29.7 ,65857 ,42.6 ,21 ,22356 ,,30762 ,-0.3 
Oxfordshire,E10000025,293 ,28770 ,2.6 ,34886 ,2.4 ,145 ,36100 ,3.7 ,42401 ,3.3 ,148 ,22227 ,4.1 ,27517 ,3.6 
Cherwell,E07000177,60 ,28279 ,6.8 ,33916 ,4.1 ,30 ,35039 ,10.8 ,41322 ,7.2 ,30 ,20731 ,9.6 ,26687 ,-0.3 
Oxford,E07000178,61 ,26313 ,1.6 ,31232 ,7.9 ,31 ,33301 ,,38056 ,16.8 ,31 ,21275 ,-2.0 ,24308 ,-0.8 
SouthOxfordshire,E07000179,59 ,34000 ,3.6 ,41760 ,0.8 ,26 ,38864 ,-1.4 ,53926 ,4.9 ,33 ,26370 ,7.5 ,32021 ,4.4 
ValeofWhiteHorse,E07000180,57 ,31255 ,2.1 ,37980 ,1.9 ,33 ,38154 ,-1.1 ,43967 ,-4.9 ,24 ,22922 ,3.7 ,29926 ,12.2 
WestOxfordshire,E07000181,56 ,,,29519 ,-3.5 ,,,,35116 ,-6.1 ,30 ,20802 ,1.0 ,24763 ,2.8 
Surrey,E10000030,433 ,30896 ,-2.2 ,44097 ,1.8 ,214 ,40037 ,1.7 ,58579 ,4.1 ,219 ,24302 ,0.6 ,29969 ,0.6 
Elmbridge,E07000207,50 ,30095 ,-19.1 ,,,25 ,,,,,25 ,24908 ,-2.8 ,33065 ,-3.4 
EpsomandEwell,E07000208,31 ,28010 ,,35214 ,,13 ,,,44551 ,,18 ,24984 ,,28162 ,7.1 
Guildford,E07000209,51 ,34273 ,-0.5 ,45383 ,0.8 ,30 ,42456 ,3.8 ,53514 ,-8.5 ,21 ,27111 ,,,
MoleValley,E07000210,31 ,25198 ,-4.4 ,36879 ,1.8 ,,,,,,20 ,23594 ,10.7 ,26726 ,-0.3 
ReigateandBanstead,E07000211,47 ,32310 ,0.1 ,40874 ,-2.1 ,22 ,44347 ,15.5 ,54245 ,9.8 ,25 ,26543 ,-1.9 ,29010 ,-16.0 
Runnymede,E07000212,27 ,,,35306 ,,13 ,,,45279 ,,,,,,
Spelthorne,E07000213,41 ,29762 ,2.1 ,34307 ,1.7 ,19 ,37352 ,6.2 ,43543 ,5.1 ,22 ,,,26334 ,-4.0 
SurreyHeath,E07000214,35 ,35944 ,5.8 ,45526 ,5.1 ,18 ,39647 ,11.7 ,52521 ,4.2 ,17 ,,,38040 ,7.2 
Tandridge,E07000215,32 ,28667 ,-1.2 ,35410 ,-3.6 ,16 ,38092 ,12.6 ,40655 ,-9.9 ,16 ,21737 ,,30207 ,9.8 
Waverley,E07000216,51 ,31062 ,-2.8 ,46599 ,8.2 ,27 ,42820 ,,62814 ,15.5 ,24 ,22864 ,1.2 ,27822 ,-1.5 
Woking,E07000217,39 ,31866 ,10.8 ,41618 ,9.6 ,20 ,40716 ,18.7 ,52771 ,12.5 ,19 ,,,30336 ,6.9 
WestSussex,E10000032,315 ,25956 ,5.5 ,32041 ,2.7 ,165 ,31760 ,0.5 ,39480 ,-0.8 ,150 ,20133 ,7.3 ,23883 ,5.8 
Adur,E07000223,21 ,25100 ,9.7 ,30650 ,15.8 ,,29049 ,10.5 ,34947 ,11.3 ,11 ,,,26756 ,17.2 
Arun,E07000224,53 ,22362 ,3.7 ,28542 ,6.0 ,26 ,30250 ,2.4 ,38910 ,9.0 ,28 ,18716 ,7.9 ,19034 ,2.3 
Chichester,E07000225,43 ,24000 ,-0.2 ,29418 ,-7.6 ,21 ,28567 ,-16.5 ,35003 ,-18.0 ,22 ,18774 ,4.5 ,24007 ,
Crawley,E07000226,41 ,28298 ,19.0 ,31881 ,16.4 ,23 ,30871 ,,38938 ,13.5 ,18 ,21952 ,25.6 ,23053 ,15.7 
Horsham,E07000227,53 ,,,34496 ,-5.8 ,,,,40136 ,-15.9 ,23 ,18910 ,-2.4 ,26835 ,8.7 
MidSussex,E07000228,63 ,27876 ,-1.2 ,36436 ,7.3 ,34 ,39332 ,10.3 ,45419 ,8.2 ,29 ,22213 ,-0.8 ,25919 ,2.8 
Worthing,E07000229,42 ,26583 ,10.0 ,30300 ,-3.6 ,21 ,31269 ,3.7 ,36844 ,-3.8 ,20 ,19416 ,-8.3 ,23422 ,0.6 
SouthWest,E12000009,1943 ,24000 ,3.4 ,28003 ,1.4 ,965 ,29871 ,0.9 ,34444 ,-0.2 ,978 ,18588 ,3.7 ,21646 ,4.4 
BathandNorthEastSomerset,E06000022,66 ,23934 ,-1.3 ,29620 ,-3.8 ,30 ,30219 ,-7.3 ,39162 ,-2.1 ,37 ,,,21967 ,-1.3 
"Bournemouth,ChristchurchandPoole",E06000058,132 ,25184 ,0.2 ,29547 ,-0.2 ,71 ,29942 ,-2.7 ,35749 ,0.3 ,61 ,20180 ,1.6 ,22304 ,-0.7 
"Bristol,Cityof",E06000023,167 ,27507 ,6.0 ,30210 ,2.3 ,81 ,31378 ,4.2 ,35605 ,1.2 ,85 ,22363 ,7.0 ,25064 ,4.4 
Dorset,E06000059,121 ,24564 ,7.6 ,28061 ,3.8 ,63 ,29721 ,-1.0 ,34625 ,3.3 ,58 ,17825 ,2.9 ,20920 ,4.5 
NorthSomerset,E06000024,82 ,27721 ,15.5 ,33251 ,12.5 ,41 ,37197 ,15.5 ,42556 ,12.8 ,40 ,19551 ,0.6 ,23678 ,9.0 
Plymouth,E06000026,89 ,22188 ,2.7 ,24339 ,-0.1 ,40 ,26584 ,2.8 ,29265 ,-2.7 ,49 ,19054 ,7.1 ,20266 ,2.6 
SouthGloucestershire,E06000025,107 ,26419 ,6.6 ,30154 ,8.0 ,58 ,31805 ,0.8 ,36057 ,4.1 ,49 ,19082 ,5.5 ,23189 ,10.0 
Swindon,E06000030,99 ,27145 ,-0.3 ,30789 ,1.0 ,54 ,32970 ,1.7 ,38796 ,2.3 ,45 ,19430 ,-1.4 ,21120 ,-1.3 
Torbay,E06000027,44 ,21926 ,6.4 ,23397 ,0.5 ,22 ,24458 ,3.9 ,26907 ,-2.2 ,23 ,18270 ,2.6 ,20030 ,6.7 
Cornwall,E06000052,168 ,20710 ,1.8 ,23713 ,2.1 ,79 ,26242 ,2.9 ,27966 ,0.2 ,89 ,16714 ,5.4 ,19925 ,6.9 
IslesofScilly,E06000053,,,,30044 ,,,29743 ,,32391 ,,..,,,,
Devon,E10000008,269 ,21879 ,1.6 ,25161 ,0.0 ,129 ,26000 ,-3.2 ,30124 ,-2.0 ,140 ,17652 ,6.3 ,20592 ,5.0 
EastDevon,E07000040,45 ,,,25533 ,-5.4 ,,,,,,24 ,20328 ,14.5 ,22253 ,6.1 
Exeter,E07000041,50 ,22663 ,-3.0 ,25881 ,-2.1 ,25 ,28501 ,-3.4 ,30438 ,-5.2 ,25 ,17665 ,-5.4 ,21184 ,1.6 
MidDevon,E07000042,31 ,22156 ,0.7 ,25788 ,0.8 ,15 ,28021 ,2.8 ,31720 ,4.4 ,16 ,17763 ,6.7 ,20206 ,2.1 
NorthDevon,E07000043,33 ,20848 ,4.4 ,22025 ,-0.2 ,14 ,24258 ,-3.1 ,26904 ,-5.2 ,19 ,17075 ,8.6 ,18525 ,9.1 
SouthHams,E07000044,24 ,20850 ,3.7 ,24354 ,2.5 ,10 ,28729 ,20.6 ,29817 ,3.8 ,14 ,16355 ,3.9 ,20256 ,6.6 
Teignbridge,E07000045,44 ,20718 ,-2.5 ,23932 ,-4.8 ,22 ,24402 ,-3.2 ,27901 ,-4.2 ,22 ,16843 ,,19976 ,-5.0 
Torridge,E07000046,24 ,22398 ,7.0 ,27092 ,,11 ,27576 ,7.7 ,35146 ,,13 ,14965 ,,20033 ,20.4 
WestDevon,E07000047,18 ,22371 ,12.3 ,28380 ,13.6 ,11 ,25161 ,3.4 ,32286 ,6.5 ,,,,22763 ,23.5 
Gloucestershire,E10000013,209 ,25405 ,2.8 ,29724 ,-1.5 ,111 ,31791 ,3.1 ,35200 ,-7.5 ,98 ,19218 ,3.5 ,23524 ,5.5 
Cheltenham,E07000078,43 ,28370 ,3.4 ,32368 ,-10.9 ,25 ,32674 ,,36082 ,,,22966 ,4.5 ,27431 ,13.3 
Cotswold,E07000079,31 ,26790 ,7.8 ,32585 ,-1.7 ,16 ,33338 ,-1.8 ,39552 ,-9.4 ,15 ,19339 ,17.4 ,25205 ,6.9 
ForestofDean,E07000080,26 ,23381 ,,28628 ,1.2 ,15 ,30721 ,0.4 ,35347 ,-3.3 ,11 ,,,19767 ,
Gloucester,E07000081,41 ,22813 ,0.2 ,26110 ,-0.7 ,21 ,28588 ,-2.7 ,30897 ,-7.0 ,20 ,18138 ,4.8 ,21186 ,6.8 
Stroud,E07000082,39 ,,,29665 ,4.4 ,19 ,29620 ,7.3 ,35546 ,7.4 ,,,,24086 ,-0.6 
Tewkesbury,E07000083,29 ,26473 ,7.1 ,28862 ,1.1 ,16 ,34527 ,-1.6 ,34488 ,1.2 ,13 ,,,21994 ,0.1 
Somerset,E10000027,200 ,22833 ,3.4 ,26374 ,0.8 ,94 ,28644 ,-1.7 ,33420 ,0.0 ,106 ,16435 ,0.7 ,20091 ,4.7 
Mendip,E07000187,41 ,21435 ,-6.5 ,25383 ,-7.6 ,17 ,28396 ,-13.8 ,33496 ,-10.1 ,24 ,17336 ,,19386 ,1.9 
Sedgemoor,E07000188,40 ,22448 ,4.3 ,27429 ,-0.2 ,19 ,28521 ,1.9 ,36540 ,0.3 ,21 ,15967 ,0.1 ,19208 ,3.7 
SouthSomerset,E07000189,63 ,23380 ,2.0 ,25721 ,3.8 ,32 ,29128 ,3.2 ,32092 ,6.3 ,32 ,15308 ,3.6 ,19392 ,0.8 
SomersetWestandTaunton,E07000246,57 ,23052 ,6.9 ,27084 ,6.3 ,27 ,27988 ,-2.7 ,32746 ,3.6 ,30 ,18508 ,3.4 ,22005 ,11.2 
Wiltshire,E06000054,188 ,24528 ,6.3 ,29997 ,1.2 ,90 ,31702 ,-1.7 ,39578 ,-2.4 ,98 ,17900 ,5.7 ,21171 ,8.4 
Wales,W92000004,1050 ,23665 ,2.9 ,26805 ,2.2 ,493 ,28068 ,0.9 ,31920 ,1.5 ,557 ,19623 ,5.1 ,22283 ,4.6 
IsleofAnglesey/YnysM?n,W06000001,23 ,23399 ,2.2 ,24477 ,-6.4 ,9 ,25572 ,-0.9 ,26850 ,-11.7 ,14 ,20733 ,5.2 ,22902 ,0.5 
Gwynedd/Gwynedd,W06000002,33 ,21761 ,7.3 ,24221 ,3.2 ,16 ,27277 ,13.7 ,30143 ,4.2 ,17 ,15847 ,,18443 ,0.5 
Conwy/Conwy,W06000003,38 ,22804 ,,26064 ,7.0 ,16 ,,,30340 ,12.5 ,21 ,20036 ,3.7 ,22823 ,4.1 
Denbighshire/SirDdinbych,W06000004,33 ,21038 ,2.8 ,24041 ,0.5 ,13 ,25021 ,5.4 ,27831 ,-1.1 ,20 ,18767 ,2.2 ,21451 ,2.0 
Flintshire/SiryFflint,W06000005,65 ,23389 ,2.7 ,29978 ,14.2 ,30 ,29584 ,8.1 ,,,35 ,19891 ,1.7 ,21605 ,2.5 
Wrexham/Wrecsam,W06000006,56 ,25197 ,5.2 ,27773 ,3.5 ,28 ,28747 ,-1.5 ,31182 ,-3.2 ,28 ,19942 ,11.1 ,24430 ,14.8 
Powys/Powys,W06000023,37 ,22534 ,0.2 ,24244 ,0.3 ,16 ,28533 ,4.3 ,30368 ,3.1 ,21 ,16456 ,-10.3 ,19587 ,-2.5 
Ceredigion/Ceredigion,W06000008,25 ,22028 ,2.3 ,24412 ,1.2 ,11 ,25200 ,0.5 ,27538 ,-7.6 ,,,,21960 ,18.1 
Pembrokeshire/SirBenfro,W06000009,41 ,22062 ,7.2 ,26466 ,6.3 ,18 ,25019 ,3.7 ,32107 ,5.6 ,23 ,19019 ,16.4 ,22119 ,9.0 
Carmarthenshire/SirGaerfyrddin,W06000010,62 ,23669 ,5.0 ,27250 ,3.2 ,24 ,27015 ,5.0 ,31188 ,6.7 ,38 ,21587 ,8.6 ,24826 ,3.7 
Swansea/Abertawe,W06000011,79 ,23164 ,0.6 ,25227 ,0.4 ,39 ,25844 ,-1.1 ,27377 ,-5.5 ,41 ,20401 ,17.9 ,23194 ,10.3 
NeathPortTalbot/Castell-neddPortTalbot,W06000012,55 ,23757 ,1.6 ,26297 ,3.5 ,27 ,27730 ,3.3 ,30543 ,2.1 ,28 ,19649 ,6.6 ,22200 ,6.2 
Bridgend/Pen-y-bontarOgwr,W06000013,47 ,23469 ,-0.1 ,28523 ,7.5 ,23 ,29095 ,-1.9 ,35094 ,7.0 ,24 ,19989 ,6.6 ,22321 ,12.4 
ValeofGlamorgan/BroMorgannwg,W06000014,43 ,24039 ,-4.5 ,29035 ,-8.5 ,19 ,28281 ,-9.4 ,33603 ,-11.3 ,24 ,20334 ,-1.9 ,25485 ,-0.8 
Cardiff/Caerdydd,W06000015,116 ,24513 ,-1.6 ,26651 ,-7.0 ,55 ,27909 ,-5.8 ,31072 ,-8.1 ,61 ,19111 ,-5.9 ,22711 ,-4.2 
RhonddaCynonTaf/RhonddaCynonTaf,W06000016,79 ,23618 ,5.1 ,26226 ,4.3 ,38 ,28079 ,2.9 ,32277 ,3.8 ,41 ,18839 ,7.5 ,20710 ,4.3 
MerthyrTydfil/MerthyrTudful,W06000024,22 ,22852 ,-1.8 ,25784 ,-2.7 ,11 ,27151 ,-3.2 ,31964 ,-1.5 ,12 ,19586 ,4.4 ,20006 ,3.4 
Caerphilly/Caerffili,W06000018,59 ,24213 ,7.6 ,26426 ,7.1 ,33 ,29257 ,2.0 ,31873 ,6.3 ,26 ,19102 ,-1.9 ,19622 ,0.6 
BlaenauGwent/BlaenauGwent,W06000019,,,,,,12 ,30142 ,26.8 ,28788 ,12.6 ,,,,,
Torfaen/Torfaen,W06000020,32 ,25371 ,8.5 ,28013 ,6.1 ,17 ,29638 ,-0.9 ,33323 ,3.9 ,15 ,20371 ,14.6 ,21897 ,11.4 
Monmouthshire/SirFynwy,W06000021,30 ,30250 ,16.0 ,34347 ,1.1 ,15 ,34298 ,1.0 ,41621 ,-0.7 ,15 ,,,26839 ,1.4 
Newport/Casnewydd,W06000022,53 ,24406 ,4.2 ,27104 ,4.2 ,25 ,31648 ,3.7 ,33393 ,3.7 ,28 ,19401 ,9.7 ,21581 ,8.1 
Scotland,S92000003,1944 ,25812 ,4.6 ,29980 ,3.5 ,875 ,32058 ,6.6 ,36223 ,2.6 ,1070 ,21958 ,7.5 ,24875 ,6.5 
AberdeenCity,S12000033,72 ,24826 ,-4.2 ,30766 ,-5.6 ,31 ,31657 ,-0.5 ,40664 ,-2.4 ,41 ,20219 ,-8.4 ,23437 ,-4.8 
Aberdeenshire,S12000034,96 ,24875 ,-1.1 ,29965 ,-4.4 ,38 ,,,38948 ,-2.5 ,58 ,19679 ,3.5 ,24075 ,-2.0 
Angus,S12000041,43 ,22603 ,-4.2 ,26308 ,0.7 ,19 ,,,30709 ,-1.4 ,24 ,21534 ,,22851 ,4.3 
ArgyllandBute,S12000035,30 ,23539 ,12.1 ,25421 ,13.8 ,13 ,31076 ,13.5 ,30276 ,6.5 ,17 ,20601 ,21.5 ,21799 ,19.2 
Clackmannanshire,S12000005,23 ,25641 ,,29474 ,10.0 ,10 ,31211 ,,36506 ,9.0 ,13 ,21205 ,13.4 ,24339 ,11.9 
DumfriesandGalloway,S12000006,48 ,22233 ,8.0 ,25630 ,4.4 ,20 ,26449 ,12.7 ,30654 ,4.0 ,29 ,17992 ,-1.6 ,22223 ,5.0 
DundeeCity,S12000042,48 ,25058 ,7.9 ,26356 ,4.7 ,21 ,27166 ,5.0 ,30835 ,6.7 ,27 ,21963 ,6.3 ,22856 ,4.9 
EastAyrshire,S12000008,47 ,25234 ,1.5 ,28070 ,4.5 ,21 ,32372 ,10.9 ,33434 ,8.5 ,26 ,20422 ,8.6 ,23620 ,3.3 
EastDunbartonshire,S12000045,44 ,32782 ,9.8 ,38100 ,6.7 ,19 ,36977 ,-1.1 ,49043 ,2.7 ,25 ,25921 ,18.8 ,29640 ,16.2 
EastLothian,S12000010,42 ,26440 ,2.3 ,31084 ,6.1 ,21 ,31715 ,,36777 ,10.9 ,21 ,22827 ,,25231 ,0.5 
EastRenfrewshire,S12000011,33 ,35072 ,10.3 ,42657 ,1.5 ,18 ,43581 ,6.6 ,51332 ,-10.3 ,15 ,27491 ,7.3 ,32286 ,9.4 
CityofEdinburgh,S12000036,167 ,28829 ,9.8 ,35333 ,3.8 ,77 ,33737 ,3.6 ,42080 ,0.4 ,89 ,24942 ,12.1 ,29488 ,12.4 
Falkirk,S12000014,63 ,26090 ,6.7 ,28729 ,8.7 ,28 ,30523 ,5.0 ,33132 ,7.5 ,35 ,22557 ,4.8 ,25242 ,10.2 
Fife,S12000015,134 ,24880 ,4.3 ,28466 ,6.2 ,59 ,30170 ,3.1 ,34497 ,7.1 ,75 ,20524 ,6.6 ,23774 ,7.8 
GlasgowCity,S12000049,213 ,25705 ,8.8 ,29873 ,7.0 ,98 ,30800 ,6.9 ,34314 ,6.8 ,115 ,22804 ,13.4 ,26109 ,8.5 
Highland,S12000017,94 ,25241 ,6.4 ,27357 ,3.2 ,43 ,32140 ,6.6 ,33356 ,-1.4 ,52 ,20034 ,9.5 ,22437 ,11.0 
Inverclyde,S12000018,25 ,21774 ,9.1 ,24235 ,-3.0 ,10 ,25953 ,0.7 ,26755 ,-10.8 ,15 ,19820 ,12.8 ,22635 ,5.4 
Midlothian,S12000019,45 ,25699 ,6.8 ,30306 ,8.4 ,20 ,32160 ,12.2 ,36496 ,12.7 ,25 ,22605 ,6.6 ,25544 ,5.0 
Moray,S12000020,30 ,22360 ,3.4 ,27224 ,11.2 ,12 ,32558 ,15.0 ,37563 ,19.3 ,18 ,17357 ,8.2 ,20145 ,8.0 
Nah-EileananSiar,S12000013,11 ,24962 ,6.1 ,26684 ,10.3 ,,,,27607 ,4.3 ,,20631 ,8.4 ,25719 ,15.9 
NorthAyrshire,S12000021,49 ,25903 ,3.6 ,28246 ,3.4 ,19 ,30074 ,0.3 ,34809 ,3.5 ,31 ,24219 ,12.4 ,24226 ,7.9 
NorthLanarkshire,S12000050,122 ,25982 ,3.9 ,29094 ,8.0 ,57 ,32082 ,4.9 ,35973 ,10.7 ,65 ,21404 ,10.0 ,23097 ,8.2 
OrkneyIslands,S12000023,11 ,,,25553 ,6.7 ,,33328 ,12.0 ,34104 ,7.5 ,,,,17670 ,7.7 
PerthandKinross,S12000024,54 ,24914 ,1.1 ,30837 ,3.5 ,27 ,30391 ,-3.7 ,35424 ,-5.3 ,27 ,20859 ,2.1 ,26150 ,10.2 
Renfrewshire,S12000038,64 ,25349 ,1.5 ,29238 ,-0.2 ,29 ,32883 ,0.3 ,34416 ,-1.1 ,35 ,22839 ,8.1 ,24876 ,3.8 
ScottishBorders,S12000026,43 ,23152 ,1.0 ,27046 ,1.1 ,19 ,28538 ,0.1 ,33884 ,7.6 ,25 ,18522 ,-10.1 ,21763 ,-3.2 
ShetlandIslands,S12000027,11 ,25254 ,-13.4 ,27052 ,-7.8 ,,,,30468 ,-16.6 ,,,,24673 ,6.7 
SouthAyrshire,S12000028,38 ,28923 ,11.2 ,30235 ,5.0 ,19 ,32859 ,4.3 ,33526 ,-1.6 ,19 ,20768 ,10.3 ,26841 ,15.5 
SouthLanarkshire,S12000029,109 ,,,30673 ,2.7 ,53 ,31881 ,4.6 ,36284 ,-0.2 ,,22107 ,2.5 ,25303 ,6.1 
Stirling,S12000030,31 ,26607 ,,33412 ,-7.9 ,16 ,32317 ,3.2 ,38445 ,-13.1 ,15 ,21915 ,,28066 ,
WestDunbartonshire,S12000039,33 ,23877 ,4.3 ,27351 ,7.6 ,13 ,33226 ,,34941 ,11.5 ,21 ,21084 ,15.7 ,22701 ,9.1 
WestLothian,S12000040,66 ,27152 ,8.4 ,30225 ,2.5 ,29 ,32306 ,6.8 ,35391 ,0.6 ,37 ,24045 ,18.1 ,26157 ,8.5 
NorthernIreland,N92000002,805 ,23096 ,2.5 ,27132 ,3.4 ,391 ,27403 ,3.2 ,32242 ,3.0 ,414 ,18880 ,2.3 ,22312 ,4.4 
NotClassified,,140 ,23770 ,-0.6 ,29520 ,2.4 ,71 ,28909 ,-3.3 ,36798 ,3.8 ,69 ,18125 ,2.5 ,22127 ,3.9 
